{
  "Total" : {
    "transaction" : "Total",
    "sampleCount" : 10000,
    "errorCount" : 0,
    "errorPct" : 0.0,
    "meanResTime" : 1914.1808000000035,
    "medianResTime" : 1957.0,
    "minResTime" : 60.0,
    "maxResTime" : 2910.0,
    "pct1ResTime" : 2432.0,
    "pct2ResTime" : 2547.949999999999,
    "pct3ResTime" : 2692.99,
    "throughput" : 244.28376001563416,
    "receivedKBytesPerSec" : 46.26011582867159,
    "sentKBytesPerSec" : 55.46481855823725
  },
  "테스트 #1 - local, random, max 500" : {
    "transaction" : "테스트 #1 - local, random, max 500",
    "sampleCount" : 5000,
    "errorCount" : 0,
    "errorPct" : 0.0,
    "meanResTime" : 1777.8733999999988,
    "medianResTime" : 1889.0,
    "minResTime" : 60.0,
    "maxResTime" : 2407.0,
    "pct1ResTime" : 2121.0,
    "pct2ResTime" : 2174.95,
    "pct3ResTime" : 2251.9799999999996,
    "throughput" : 124.80031948881789,
    "receivedKBytesPerSec" : 23.62994111764926,
    "sentKBytesPerSec" : 28.275072384185304
  },
  "테스트 #2 - local, random, max 1000" : {
    "transaction" : "테스트 #2 - local, random, max 1000",
    "sampleCount" : 5000,
    "errorCount" : 0,
    "errorPct" : 0.0,
    "meanResTime" : 2050.4881999999952,
    "medianResTime" : 2106.0,
    "minResTime" : 61.0,
    "maxResTime" : 2910.0,
    "pct1ResTime" : 2547.9000000000005,
    "pct2ResTime" : 2624.95,
    "pct3ResTime" : 2735.9799999999996,
    "throughput" : 122.50098000784006,
    "receivedKBytesPerSec" : 23.20154205764896,
    "sentKBytesPerSec" : 27.87375814631517
  }
}